name,year,rate,code
ADAIR,2020,169.7,19001
ADAIR,2019,176.6,19001
ADAIR,2018,149.5,19001
ADAIR,2017,175.2,19001
ADAIR,2016,190.3,19001
ADAIR,2015,176.5,19001
ADAIR,2014,169.3,19001
ADAIR,2013,137.8,19001
ADAIR,2012,104.4,19001
ADAIR,2011,152.8,19001
ADAIR,2010,139.1,19001
ADAIR,2009,179.3,19001
ADAIR,2008,169,19001
ADAIR,2007,160.7,19001
ADAIR,2006,164.9,19001
ADAIR,2005,159,19001
ADAIR,2004,182.1,19001
ADAIR,2003,131.3,19001
ADAIR,2002,154.3,19001
ADAIR,2001,127.3,19001
ADAIR,2000,131.8,19001
ADAMS,2020,174.2,19003
ADAMS,2018,171.6,19003
ADAMS,2017,179.9,19003
ADAMS,2016,187.4,19003
ADAMS,2015,169.6,19003
ADAMS,2014,169.9,19003
ADAMS,2013,147.6,19003
ADAMS,2012,109.8,19003
ADAMS,2011,151.7,19003
ADAMS,2010,139.3,19003
ADAMS,2009,168.1,19003
ADAMS,2008,156,19003
ADAMS,2007,153.4,19003
ADAMS,2006,145.4,19003
ADAMS,2005,157.1,19003
ADAMS,2004,169.3,19003
ADAMS,2003,122.2,19003
ADAMS,2002,132.3,19003
ADAMS,2001,120.3,19003
ADAMS,2000,140,19003
ALLAMAKEE,2020,197.4,19005
ALLAMAKEE,2019,187.2,19005
ALLAMAKEE,2018,198.4,19005
ALLAMAKEE,2017,190.5,19005
ALLAMAKEE,2016,205.1,19005
ALLAMAKEE,2015,175.4,19005
ALLAMAKEE,2014,175.6,19005
ALLAMAKEE,2013,162.1,19005
ALLAMAKEE,2012,153.6,19005
ALLAMAKEE,2011,173.3,19005
ALLAMAKEE,2010,175.8,19005
ALLAMAKEE,2009,179.6,19005
ALLAMAKEE,2008,170,19005
ALLAMAKEE,2007,167.1,19005
ALLAMAKEE,2006,166.2,19005
ALLAMAKEE,2005,177.4,19005
ALLAMAKEE,2004,163.3,19005
ALLAMAKEE,2003,142.7,19005
ALLAMAKEE,2002,158.7,19005
ALLAMAKEE,2001,150.3,19005
ALLAMAKEE,2000,146.6,19005
APPANOOSE,2020,145,19007
APPANOOSE,2019,166.8,19007
APPANOOSE,2017,170,19007
APPANOOSE,2016,186.3,19007
APPANOOSE,2015,154.3,19007
APPANOOSE,2014,170.9,19007
APPANOOSE,2013,109.1,19007
APPANOOSE,2012,44.5,19007
APPANOOSE,2011,120.1,19007
APPANOOSE,2010,75.2,19007
APPANOOSE,2009,153,19007
APPANOOSE,2008,118,19007
APPANOOSE,2007,152,19007
APPANOOSE,2006,157.7,19007
APPANOOSE,2005,150,19007
APPANOOSE,2004,171.9,19007
APPANOOSE,2003,125.7,19007
APPANOOSE,2002,129.4,19007
APPANOOSE,2001,110.1,19007
APPANOOSE,2000,147.7,19007
AUDUBON,2020,171.7,19009
AUDUBON,2019,216,19009
AUDUBON,2018,180,19009
AUDUBON,2017,211.2,19009
AUDUBON,2016,206.1,19009
AUDUBON,2015,189.8,19009
AUDUBON,2014,185.5,19009
AUDUBON,2013,157.1,19009
AUDUBON,2012,114.8,19009
AUDUBON,2011,176.6,19009
AUDUBON,2010,160.3,19009
AUDUBON,2009,190.4,19009
AUDUBON,2008,181,19009
AUDUBON,2007,160.7,19009
AUDUBON,2006,173.9,19009
AUDUBON,2005,172.1,19009
AUDUBON,2004,179.6,19009
AUDUBON,2003,137.4,19009
AUDUBON,2002,151.5,19009
AUDUBON,2001,129.1,19009
AUDUBON,2000,136.2,19009
BENTON,2020,145.6,19011
BENTON,2019,197.6,19011
BENTON,2018,214.6,19011
BENTON,2017,215.3,19011
BENTON,2016,199.9,19011
BENTON,2015,187.5,19011
BENTON,2014,185.4,19011
BENTON,2013,163.7,19011
BENTON,2012,129.3,19011
BENTON,2011,157.2,19011
BENTON,2010,179,19011
BENTON,2009,184.7,19011
BENTON,2008,179,19011
BENTON,2007,180.2,19011
BENTON,2006,171.4,19011
BENTON,2005,170,19011
BENTON,2004,171.8,19011
BENTON,2003,168,19011
BENTON,2002,177.8,19011
BENTON,2001,160.2,19011
BENTON,2000,148.7,19011
BLACK HAWK,2020,170.8,19013
BLACK HAWK,2019,205.1,19013
BLACK HAWK,2018,206.2,19013
BLACK HAWK,2017,209.2,19013
BLACK HAWK,2016,206.4,19013
BLACK HAWK,2015,192.9,19013
BLACK HAWK,2014,165.2,19013
BLACK HAWK,2013,166.1,19013
BLACK HAWK,2012,126.4,19013
BLACK HAWK,2011,186.1,19013
BLACK HAWK,2010,170.4,19013
BLACK HAWK,2009,173.2,19013
BLACK HAWK,2008,165,19013
BLACK HAWK,2007,176.7,19013
BLACK HAWK,2006,185.5,19013
BLACK HAWK,2005,180.7,19013
BLACK HAWK,2004,178.1,19013
BLACK HAWK,2003,151.3,19013
BLACK HAWK,2002,176.7,19013
BLACK HAWK,2001,162.7,19013
BLACK HAWK,2000,144,19013
BOONE,2020,161.6,19015
BOONE,2019,194.8,19015
BOONE,2018,193.7,19015
BOONE,2017,192.4,19015
BOONE,2016,208.4,19015
BOONE,2015,192.3,19015
BOONE,2014,180.9,19015
BOONE,2013,154.2,19015
BOONE,2012,147.1,19015
BOONE,2011,182.5,19015
BOONE,2010,162.5,19015
BOONE,2009,183.4,19015
BOONE,2008,166,19015
BOONE,2007,182.2,19015
BOONE,2006,172.7,19015
BOONE,2005,192.4,19015
BOONE,2004,192.2,19015
BOONE,2003,170.4,19015
BOONE,2002,171,19015
BOONE,2001,154,19015
BOONE,2000,154.5,19015
BREMER,2020,188.7,19017
BREMER,2019,212.5,19017
BREMER,2018,212.4,19017
BREMER,2017,212.7,19017
BREMER,2016,210.6,19017
BREMER,2015,203.1,19017
BREMER,2014,159,19017
BREMER,2013,175.1,19017
BREMER,2012,133.3,19017
BREMER,2011,196.5,19017
BREMER,2010,174.6,19017
BREMER,2009,188.9,19017
BREMER,2008,161,19017
BREMER,2007,181.4,19017
BREMER,2006,183.1,19017
BREMER,2005,193,19017
BREMER,2004,184.5,19017
BREMER,2003,152.7,19017
BREMER,2002,184.1,19017
BREMER,2001,161,19017
BREMER,2000,151.3,19017
BUCHANAN,2020,189.3,19019
BUCHANAN,2019,218.9,19019
BUCHANAN,2018,207.1,19019
BUCHANAN,2017,221.3,19019
BUCHANAN,2016,205.6,19019
BUCHANAN,2015,191.6,19019
BUCHANAN,2014,169.3,19019
BUCHANAN,2013,168.8,19019
BUCHANAN,2012,140.4,19019
BUCHANAN,2011,187,19019
BUCHANAN,2010,167.5,19019
BUCHANAN,2009,170.5,19019
BUCHANAN,2008,167,19019
BUCHANAN,2007,173.9,19019
BUCHANAN,2006,180.8,19019
BUCHANAN,2005,178.7,19019
BUCHANAN,2004,163,19019
BUCHANAN,2003,159.4,19019
BUCHANAN,2002,183.1,19019
BUCHANAN,2001,166.6,19019
BUCHANAN,2000,140.6,19019
BUENA VISTA,2020,184.9,19021
BUENA VISTA,2019,190.8,19021
BUENA VISTA,2018,193.1,19021
BUENA VISTA,2017,187.9,19021
BUENA VISTA,2016,201.1,19021
BUENA VISTA,2015,202.7,19021
BUENA VISTA,2014,172.1,19021
BUENA VISTA,2013,160.5,19021
BUENA VISTA,2012,148.2,19021
BUENA VISTA,2011,180.2,19021
BUENA VISTA,2010,178.3,19021
BUENA VISTA,2009,190.7,19021
BUENA VISTA,2008,179,19021
BUENA VISTA,2007,163,19021
BUENA VISTA,2006,143.3,19021
BUENA VISTA,2005,185.3,19021
BUENA VISTA,2004,192.5,19021
BUENA VISTA,2003,160,19021
BUENA VISTA,2002,159.2,19021
BUENA VISTA,2001,144.4,19021
BUENA VISTA,2000,135.7,19021
BUTLER,2020,193.9,19023
BUTLER,2019,209.5,19023
BUTLER,2018,211.3,19023
BUTLER,2017,211.4,19023
BUTLER,2016,207.3,19023
BUTLER,2015,193.3,19023
BUTLER,2014,167.7,19023
BUTLER,2013,179.2,19023
BUTLER,2012,122,19023
BUTLER,2011,186.7,19023
BUTLER,2010,180.5,19023
BUTLER,2009,181.8,19023
BUTLER,2008,175,19023
BUTLER,2007,176.2,19023
BUTLER,2006,176.6,19023
BUTLER,2005,185.6,19023
BUTLER,2004,187.9,19023
BUTLER,2003,160.1,19023
BUTLER,2002,175.1,19023
BUTLER,2001,157.9,19023
BUTLER,2000,140.9,19023
CALHOUN,2020,160.5,19025
CALHOUN,2019,198.8,19025
CALHOUN,2018,193.3,19025
CALHOUN,2017,195.1,19025
CALHOUN,2016,207.3,19025
CALHOUN,2015,194.7,19025
CALHOUN,2014,189.6,19025
CALHOUN,2013,132.6,19025
CALHOUN,2012,134.8,19025
CALHOUN,2011,181.9,19025
CALHOUN,2010,173.3,19025
CALHOUN,2009,168.3,19025
CALHOUN,2008,178,19025
CALHOUN,2007,180.2,19025
CALHOUN,2006,165.5,19025
CALHOUN,2005,182.5,19025
CALHOUN,2004,184.2,19025
CALHOUN,2003,160,19025
CALHOUN,2002,166.8,19025
CALHOUN,2001,144.2,19025
CALHOUN,2000,149.5,19025
CARROLL,2020,151.4,19027
CARROLL,2019,219.7,19027
CARROLL,2018,208.4,19027
CARROLL,2017,211.3,19027
CARROLL,2016,203.1,19027
CARROLL,2015,195.4,19027
CARROLL,2014,188.6,19027
CARROLL,2013,136.5,19027
CARROLL,2012,105.3,19027
CARROLL,2011,180.2,19027
CARROLL,2010,182,19027
CARROLL,2009,200.1,19027
CARROLL,2008,179,19027
CARROLL,2007,169.3,19027
CARROLL,2006,162.5,19027
CARROLL,2005,177,19027
CARROLL,2004,193.5,19027
CARROLL,2003,161.8,19027
CARROLL,2002,159.2,19027
CARROLL,2001,142.7,19027
CARROLL,2000,136.4,19027
CASS,2020,178.5,19029
CASS,2019,200.3,19029
CASS,2018,169.5,19029
CASS,2017,197.4,19029
CASS,2016,195.9,19029
CASS,2015,193.7,19029
CASS,2014,173.7,19029
CASS,2013,159.5,19029
CASS,2012,120.4,19029
CASS,2011,175.2,19029
CASS,2010,155.1,19029
CASS,2009,182.4,19029
CASS,2008,174,19029
CASS,2007,157.5,19029
CASS,2006,170.8,19029
CASS,2005,168.2,19029
CASS,2004,192.3,19029
CASS,2003,133.2,19029
CASS,2002,135,19029
CASS,2001,126.7,19029
CASS,2000,132.2,19029
CEDAR,2020,154.1,19031
CEDAR,2019,193.7,19031
CEDAR,2018,222.3,19031
CEDAR,2017,222.3,19031
CEDAR,2016,215.3,19031
CEDAR,2015,188.8,19031
CEDAR,2014,184.1,19031
CEDAR,2013,169.7,19031
CEDAR,2012,158.9,19031
CEDAR,2011,184.9,19031
CEDAR,2010,174.4,19031
CEDAR,2009,191.5,19031
CEDAR,2008,180,19031
CEDAR,2007,184.2,19031
CEDAR,2006,181.6,19031
CEDAR,2005,144.4,19031
CEDAR,2004,188.8,19031
CEDAR,2003,180.1,19031
CEDAR,2002,187,19031
CEDAR,2001,172.7,19031
CEDAR,2000,147.1,19031
CERRO GORDO,2020,183.6,19033
CERRO GORDO,2019,191.8,19033
CERRO GORDO,2018,184.4,19033
CERRO GORDO,2017,208.9,19033
CERRO GORDO,2016,193.6,19033
CERRO GORDO,2015,196.9,19033
CERRO GORDO,2014,168.3,19033
CERRO GORDO,2013,163.1,19033
CERRO GORDO,2012,124.8,19033
CERRO GORDO,2011,169.3,19033
CERRO GORDO,2010,173,19033
CERRO GORDO,2009,169.8,19033
CERRO GORDO,2008,166,19033
CERRO GORDO,2007,173.2,19033
CERRO GORDO,2006,169.1,19033
CERRO GORDO,2005,184,19033
CERRO GORDO,2004,168.2,19033
CERRO GORDO,2003,161.5,19033
CERRO GORDO,2002,168.5,19033
CERRO GORDO,2001,146.8,19033
CERRO GORDO,2000,149.4,19033
CHEROKEE,2020,186.8,19035
CHEROKEE,2019,208.9,19035
CHEROKEE,2018,213.3,19035
CHEROKEE,2017,203.7,19035
CHEROKEE,2016,219.7,19035
CHEROKEE,2015,209.6,19035
CHEROKEE,2014,183.6,19035
CHEROKEE,2013,185.1,19035
CHEROKEE,2012,158.7,19035
CHEROKEE,2011,176.7,19035
CHEROKEE,2010,186.9,19035
CHEROKEE,2009,201.9,19035
CHEROKEE,2008,196,19035
CHEROKEE,2007,166.5,19035
CHEROKEE,2006,144.4,19035
CHEROKEE,2005,185.5,19035
CHEROKEE,2004,187.1,19035
CHEROKEE,2003,165.2,19035
CHEROKEE,2002,161.9,19035
CHEROKEE,2001,150,19035
CHEROKEE,2000,119.9,19035
CHICKASAW,2020,186.8,19037
CHICKASAW,2019,212.1,19037
CHICKASAW,2018,192.9,19037
CHICKASAW,2017,194.4,19037
CHICKASAW,2016,206.6,19037
CHICKASAW,2015,202.8,19037
CHICKASAW,2014,157.6,19037
CHICKASAW,2013,171.8,19037
CHICKASAW,2012,125.8,19037
CHICKASAW,2011,188.8,19037
CHICKASAW,2010,182,19037
CHICKASAW,2009,169.3,19037
CHICKASAW,2008,159,19037
CHICKASAW,2007,168.8,19037
CHICKASAW,2006,174.6,19037
CHICKASAW,2005,187.2,19037
CHICKASAW,2004,175,19037
CHICKASAW,2003,146.6,19037
CHICKASAW,2002,172.6,19037
CHICKASAW,2001,140.3,19037
CHICKASAW,2000,144.4,19037
CLARKE,2020,156.1,19039
CLARKE,2018,161.8,19039
CLARKE,2016,163.9,19039
CLARKE,2015,152.4,19039
CLARKE,2014,162.2,19039
CLARKE,2013,126.5,19039
CLARKE,2012,76.7,19039
CLARKE,2011,107.7,19039
CLARKE,2010,84.5,19039
CLARKE,2009,138.9,19039
CLARKE,2008,109,19039
CLARKE,2007,151.3,19039
CLARKE,2006,147,19039
CLARKE,2005,146.3,19039
CLARKE,2004,157.1,19039
CLARKE,2003,114.2,19039
CLARKE,2002,131.5,19039
CLARKE,2001,123.7,19039
CLARKE,2000,127.8,19039
CLAY,2020,169.1,19041
CLAY,2019,185.5,19041
CLAY,2018,158.5,19041
CLAY,2017,197.3,19041
CLAY,2016,202,19041
CLAY,2015,202.8,19041
CLAY,2014,166.3,19041
CLAY,2013,167.2,19041
CLAY,2012,170.1,19041
CLAY,2011,185.4,19041
CLAY,2010,177.6,19041
CLAY,2009,184.2,19041
CLAY,2008,175,19041
CLAY,2007,163.6,19041
CLAY,2006,159.6,19041
CLAY,2005,183.1,19041
CLAY,2004,183.4,19041
CLAY,2003,160.1,19041
CLAY,2002,143.6,19041
CLAY,2001,136.7,19041
CLAY,2000,153.1,19041
CLAYTON,2020,192.1,19043
CLAYTON,2019,197.5,19043
CLAYTON,2018,201.5,19043
CLAYTON,2017,213.6,19043
CLAYTON,2016,210.3,19043
CLAYTON,2015,193.2,19043
CLAYTON,2014,176.7,19043
CLAYTON,2013,181.2,19043
CLAYTON,2012,152.9,19043
CLAYTON,2011,186.8,19043
CLAYTON,2010,176.9,19043
CLAYTON,2009,172.1,19043
CLAYTON,2008,171,19043
CLAYTON,2007,173.6,19043
CLAYTON,2006,173.2,19043
CLAYTON,2005,180.9,19043
CLAYTON,2004,176.3,19043
CLAYTON,2003,160.6,19043
CLAYTON,2002,172.5,19043
CLAYTON,2001,152.5,19043
CLAYTON,2000,147.2,19043
CLINTON,2020,179.4,19045
CLINTON,2019,196.1,19045
CLINTON,2018,210.9,19045
CLINTON,2017,213.3,19045
CLINTON,2016,213.8,19045
CLINTON,2015,188.2,19045
CLINTON,2014,197,19045
CLINTON,2013,185.6,19045
CLINTON,2012,139.6,19045
CLINTON,2011,180,19045
CLINTON,2010,171.2,19045
CLINTON,2009,190.4,19045
CLINTON,2008,181,19045
CLINTON,2007,182.7,19045
CLINTON,2006,173.8,19045
CLINTON,2005,116.8,19045
CLINTON,2004,173.1,19045
CLINTON,2003,172.8,19045
CLINTON,2002,176.9,19045
CLINTON,2001,168.1,19045
CLINTON,2000,147.1,19045
CRAWFORD,2020,182.3,19047
CRAWFORD,2019,234.7,19047
CRAWFORD,2018,214,19047
CRAWFORD,2017,221.9,19047
CRAWFORD,2016,213.5,19047
CRAWFORD,2015,199.1,19047
CRAWFORD,2014,183,19047
CRAWFORD,2013,157.8,19047
CRAWFORD,2012,131.3,19047
CRAWFORD,2011,181.8,19047
CRAWFORD,2010,185.8,19047
CRAWFORD,2009,199.6,19047
CRAWFORD,2008,191,19047
CRAWFORD,2007,165.5,19047
CRAWFORD,2006,138.7,19047
CRAWFORD,2005,179.2,19047
CRAWFORD,2004,175.6,19047
CRAWFORD,2003,152,19047
CRAWFORD,2002,161.3,19047
CRAWFORD,2001,137.6,19047
CRAWFORD,2000,131.1,19047
DALLAS,2020,140.5,19049
DALLAS,2019,195,19049
DALLAS,2018,174,19049
DALLAS,2017,187.2,19049
DALLAS,2016,204,19049
DALLAS,2015,182.4,19049
DALLAS,2014,195.5,19049
DALLAS,2013,145.3,19049
DALLAS,2012,129,19049
DALLAS,2011,172.1,19049
DALLAS,2010,141.9,19049
DALLAS,2009,183.7,19049
DALLAS,2008,171,19049
DALLAS,2007,167.5,19049
DALLAS,2006,164.3,19049
DALLAS,2005,181.7,19049
DALLAS,2004,189.6,19049
DALLAS,2003,147.6,19049
DALLAS,2002,154.2,19049
DALLAS,2001,135.6,19049
DALLAS,2000,144.3,19049
DAVIS,2020,170.9,19051
DAVIS,2019,160,19051
DAVIS,2017,107.3,19051
DAVIS,2016,188.7,19051
DAVIS,2015,142.4,19051
DAVIS,2014,184.2,19051
DAVIS,2013,146.7,19051
DAVIS,2012,52.4,19051
DAVIS,2011,97.8,19051
DAVIS,2010,84,19051
DAVIS,2009,142.7,19051
DAVIS,2008,142,19051
DAVIS,2007,157.4,19051
DAVIS,2006,161.5,19051
DAVIS,2005,115,19051
DAVIS,2004,180.3,19051
DAVIS,2003,125.7,19051
DAVIS,2002,155.4,19051
DAVIS,2001,133.9,19051
DAVIS,2000,149.7,19051
DECATUR,2020,160.2,19053
DECATUR,2018,172.5,19053
DECATUR,2016,181.1,19053
DECATUR,2015,162.7,19053
DECATUR,2014,164,19053
DECATUR,2013,131.2,19053
DECATUR,2012,61.2,19053
DECATUR,2011,126.1,19053
DECATUR,2010,94.3,19053
DECATUR,2009,144.4,19053
DECATUR,2008,112,19053
DECATUR,2007,155.5,19053
DECATUR,2006,157.5,19053
DECATUR,2005,163.9,19053
DECATUR,2004,175.5,19053
DECATUR,2003,128.8,19053
DECATUR,2002,132.1,19053
DECATUR,2001,116.6,19053
DECATUR,2000,148.4,19053
DELAWARE,2020,191.5,19055
DELAWARE,2019,204.6,19055
DELAWARE,2018,224.8,19055
DELAWARE,2017,218,19055
DELAWARE,2016,202.3,19055
DELAWARE,2015,195.8,19055
DELAWARE,2014,174.9,19055
DELAWARE,2013,184.7,19055
DELAWARE,2012,129.8,19055
DELAWARE,2011,186.5,19055
DELAWARE,2010,175.8,19055
DELAWARE,2009,176.3,19055
DELAWARE,2008,159,19055
DELAWARE,2007,179.8,19055
DELAWARE,2006,180.5,19055
DELAWARE,2005,177.1,19055
DELAWARE,2004,176.6,19055
DELAWARE,2003,158.9,19055
DELAWARE,2002,183,19055
DELAWARE,2001,169.3,19055
DELAWARE,2000,144.2,19055
DES MOINES,2020,191.3,19057
DES MOINES,2019,176.9,19057
DES MOINES,2018,195.4,19057
DES MOINES,2017,200.1,19057
DES MOINES,2016,210,19057
DES MOINES,2015,176,19057
DES MOINES,2014,199,19057
DES MOINES,2013,165.4,19057
DES MOINES,2012,143.7,19057
DES MOINES,2011,146.6,19057
DES MOINES,2010,112.1,19057
DES MOINES,2009,166.4,19057
DES MOINES,2008,186,19057
DES MOINES,2007,198.5,19057
DES MOINES,2006,159.2,19057
DES MOINES,2005,154.5,19057
DES MOINES,2004,189.9,19057
DES MOINES,2003,154.4,19057
DES MOINES,2002,161.6,19057
DES MOINES,2001,143.2,19057
DES MOINES,2000,143.9,19057
DICKINSON,2020,183.2,19059
DICKINSON,2019,170,19059
DICKINSON,2018,160.4,19059
DICKINSON,2017,196.2,19059
DICKINSON,2016,188,19059
DICKINSON,2015,194.5,19059
DICKINSON,2014,157.9,19059
DICKINSON,2013,162.4,19059
DICKINSON,2012,160.9,19059
DICKINSON,2011,169.3,19059
DICKINSON,2010,181,19059
DICKINSON,2009,185.3,19059
DICKINSON,2008,168,19059
DICKINSON,2007,165.8,19059
DICKINSON,2006,159,19059
DICKINSON,2005,170.4,19059
DICKINSON,2004,188.8,19059
DICKINSON,2003,160.6,19059
DICKINSON,2002,144.5,19059
DICKINSON,2001,129.7,19059
DICKINSON,2000,150.9,19059
DUBUQUE,2020,198.3,19061
DUBUQUE,2019,216.4,19061
DUBUQUE,2018,211.8,19061
DUBUQUE,2017,215.1,19061
DUBUQUE,2016,211.5,19061
DUBUQUE,2015,197,19061
DUBUQUE,2014,184.9,19061
DUBUQUE,2013,196,19061
DUBUQUE,2012,149.4,19061
DUBUQUE,2011,185.1,19061
DUBUQUE,2010,170.4,19061
DUBUQUE,2009,183.8,19061
DUBUQUE,2008,158,19061
DUBUQUE,2007,182,19061
DUBUQUE,2006,182.6,19061
DUBUQUE,2005,183,19061
DUBUQUE,2004,183,19061
DUBUQUE,2003,157.1,19061
DUBUQUE,2002,173.7,19061
DUBUQUE,2001,157.9,19061
DUBUQUE,2000,151.3,19061
EMMET,2020,187.2,19063
EMMET,2018,155.8,19063
EMMET,2017,210.1,19063
EMMET,2016,198.5,19063
EMMET,2015,203.3,19063
EMMET,2014,165,19063
EMMET,2013,166.4,19063
EMMET,2012,166.6,19063
EMMET,2011,169.6,19063
EMMET,2010,183.1,19063
EMMET,2009,190.1,19063
EMMET,2008,168,19063
EMMET,2007,175.7,19063
EMMET,2006,165.9,19063
EMMET,2005,182.7,19063
EMMET,2004,181.8,19063
EMMET,2003,165.9,19063
EMMET,2002,153.7,19063
EMMET,2001,131.1,19063
EMMET,2000,156.4,19063
FAYETTE,2020,181.1,19065
FAYETTE,2019,200.5,19065
FAYETTE,2018,200.1,19065
FAYETTE,2017,207.6,19065
FAYETTE,2016,202.5,19065
FAYETTE,2015,191.8,19065
FAYETTE,2014,170.9,19065
FAYETTE,2013,181.2,19065
FAYETTE,2012,151,19065
FAYETTE,2011,186.6,19065
FAYETTE,2010,166.5,19065
FAYETTE,2009,158.6,19065
FAYETTE,2008,167,19065
FAYETTE,2007,171.3,19065
FAYETTE,2006,173.9,19065
FAYETTE,2005,189.8,19065
FAYETTE,2004,166.7,19065
FAYETTE,2003,153.3,19065
FAYETTE,2002,175.6,19065
FAYETTE,2001,160.2,19065
FAYETTE,2000,146.7,19065
FLOYD,2020,188.5,19067
FLOYD,2019,202.9,19067
FLOYD,2018,184.4,19067
FLOYD,2017,203.4,19067
FLOYD,2016,196.3,19067
FLOYD,2015,196.5,19067
FLOYD,2014,162.8,19067
FLOYD,2013,170,19067
FLOYD,2012,123.2,19067
FLOYD,2011,181.1,19067
FLOYD,2010,177.8,19067
FLOYD,2009,174,19067
FLOYD,2008,171,19067
FLOYD,2007,170.1,19067
FLOYD,2006,165,19067
FLOYD,2005,184.2,19067
FLOYD,2004,177.4,19067
FLOYD,2003,153.1,19067
FLOYD,2002,172.2,19067
FLOYD,2001,149.1,19067
FLOYD,2000,142.5,19067
FRANKLIN,2020,181.1,19069
FRANKLIN,2019,202.7,19069
FRANKLIN,2018,204.3,19069
FRANKLIN,2017,206.1,19069
FRANKLIN,2016,204.8,19069
FRANKLIN,2015,200.2,19069
FRANKLIN,2014,165.8,19069
FRANKLIN,2013,179.6,19069
FRANKLIN,2012,150,19069
FRANKLIN,2011,189.7,19069
FRANKLIN,2010,168,19069
FRANKLIN,2009,167,19069
FRANKLIN,2008,167,19069
FRANKLIN,2007,176.6,19069
FRANKLIN,2006,177.6,19069
FRANKLIN,2005,185.2,19069
FRANKLIN,2004,190.5,19069
FRANKLIN,2003,168.6,19069
FRANKLIN,2002,171.3,19069
FRANKLIN,2001,153.3,19069
FRANKLIN,2000,146.1,19069
FREMONT,2020,195.9,19071
FREMONT,2018,195.1,19071
FREMONT,2017,204.5,19071
FREMONT,2016,180.8,19071
FREMONT,2015,179.9,19071
FREMONT,2014,191.5,19071
FREMONT,2013,159.9,19071
FREMONT,2012,131.2,19071
FREMONT,2011,155.6,19071
FREMONT,2010,152.7,19071
FREMONT,2009,187.3,19071
FREMONT,2008,147,19071
FREMONT,2007,150.7,19071
FREMONT,2006,146.3,19071
FREMONT,2005,161.3,19071
FREMONT,2004,188.4,19071
FREMONT,2003,132.9,19071
FREMONT,2002,96.6,19071
FREMONT,2001,143.3,19071
FREMONT,2000,139.5,19071
GREENE,2020,154.6,19073
GREENE,2019,201.4,19073
GREENE,2018,201.3,19073
GREENE,2017,202.2,19073
GREENE,2016,205.5,19073
GREENE,2015,189,19073
GREENE,2014,181.2,19073
GREENE,2013,137.9,19073
GREENE,2012,124.6,19073
GREENE,2011,183.4,19073
GREENE,2010,167.3,19073
GREENE,2009,188.1,19073
GREENE,2008,159,19073
GREENE,2007,179.9,19073
GREENE,2006,170.6,19073
GREENE,2005,185.3,19073
GREENE,2004,186.7,19073
GREENE,2003,169.3,19073
GREENE,2002,165.2,19073
GREENE,2001,140.7,19073
GREENE,2000,147,19073
GRUNDY,2020,183.7,19075
GRUNDY,2019,209.8,19075
GRUNDY,2018,225.2,19075
GRUNDY,2017,217.3,19075
GRUNDY,2016,198.5,19075
GRUNDY,2015,199.9,19075
GRUNDY,2014,182.4,19075
GRUNDY,2013,180.8,19075
GRUNDY,2012,161.5,19075
GRUNDY,2011,172.8,19075
GRUNDY,2010,192.9,19075
GRUNDY,2009,178,19075
GRUNDY,2008,181,19075
GRUNDY,2007,176,19075
GRUNDY,2006,176.8,19075
GRUNDY,2005,189.9,19075
GRUNDY,2004,190.6,19075
GRUNDY,2003,172.6,19075
GRUNDY,2002,181.5,19075
GRUNDY,2001,149.9,19075
GRUNDY,2000,146.5,19075
GUTHRIE,2020,152.2,19077
GUTHRIE,2019,196.7,19077
GUTHRIE,2018,192.2,19077
GUTHRIE,2017,197.6,19077
GUTHRIE,2016,198.2,19077
GUTHRIE,2015,179.2,19077
GUTHRIE,2014,176.1,19077
GUTHRIE,2013,130.1,19077
GUTHRIE,2012,113.4,19077
GUTHRIE,2011,169.4,19077
GUTHRIE,2010,141.3,19077
GUTHRIE,2009,173.4,19077
GUTHRIE,2008,171,19077
GUTHRIE,2007,158.8,19077
GUTHRIE,2006,159.2,19077
GUTHRIE,2005,161.2,19077
GUTHRIE,2004,172.9,19077
GUTHRIE,2003,135.9,19077
GUTHRIE,2002,149,19077
GUTHRIE,2001,127.9,19077
GUTHRIE,2000,136.1,19077
HAMILTON,2020,167.2,19079
HAMILTON,2019,198.2,19079
HAMILTON,2018,188.9,19079
HAMILTON,2017,194.6,19079
HAMILTON,2016,209,19079
HAMILTON,2015,198.1,19079
HAMILTON,2014,173.1,19079
HAMILTON,2013,135,19079
HAMILTON,2012,138,19079
HAMILTON,2011,180.6,19079
HAMILTON,2010,169.6,19079
HAMILTON,2009,167.5,19079
HAMILTON,2008,157,19079
HAMILTON,2007,180.5,19079
HAMILTON,2006,184.7,19079
HAMILTON,2005,189,19079
HAMILTON,2004,181.4,19079
HAMILTON,2003,166.9,19079
HAMILTON,2002,182.6,19079
HAMILTON,2001,163.6,19079
HAMILTON,2000,154.4,19079
HANCOCK,2020,201.2,19081
HANCOCK,2019,193.3,19081
HANCOCK,2018,176.7,19081
HANCOCK,2017,200.2,19081
HANCOCK,2016,200.3,19081
HANCOCK,2015,201.2,19081
HANCOCK,2014,173.9,19081
HANCOCK,2013,169.9,19081
HANCOCK,2012,143.3,19081
HANCOCK,2011,179.8,19081
HANCOCK,2010,176.9,19081
HANCOCK,2009,178.5,19081
HANCOCK,2008,171,19081
HANCOCK,2007,178.6,19081
HANCOCK,2006,175.9,19081
HANCOCK,2005,182.3,19081
HANCOCK,2004,176.5,19081
HANCOCK,2003,169.1,19081
HANCOCK,2002,167.9,19081
HANCOCK,2001,145,19081
HANCOCK,2000,154.5,19081
HARDIN,2020,156.6,19083
HARDIN,2019,200.2,19083
HARDIN,2018,216.6,19083
HARDIN,2017,213.7,19083
HARDIN,2016,208,19083
HARDIN,2015,199.3,19083
HARDIN,2014,166.3,19083
HARDIN,2013,156.6,19083
HARDIN,2012,163.6,19083
HARDIN,2011,186.7,19083
HARDIN,2010,185.8,19083
HARDIN,2009,162.9,19083
HARDIN,2008,159,19083
HARDIN,2007,177.3,19083
HARDIN,2006,183.5,19083
HARDIN,2005,188.6,19083
HARDIN,2004,194,19083
HARDIN,2003,169.5,19083
HARDIN,2002,177.6,19083
HARDIN,2001,157.7,19083
HARDIN,2000,146.8,19083
HARRISON,2020,181.2,19085
HARRISON,2018,176,19085
HARRISON,2017,193.2,19085
HARRISON,2016,204.6,19085
HARRISON,2015,189.5,19085
HARRISON,2014,161.1,19085
HARRISON,2013,177.1,19085
HARRISON,2012,130.9,19085
HARRISON,2011,169.9,19085
HARRISON,2010,159.4,19085
HARRISON,2009,196.8,19085
HARRISON,2008,176,19085
HARRISON,2007,161.8,19085
HARRISON,2006,142.1,19085
HARRISON,2005,155,19085
HARRISON,2004,177.3,19085
HARRISON,2003,150.5,19085
HARRISON,2002,155.1,19085
HARRISON,2001,137.6,19085
HARRISON,2000,138.5,19085
HENRY,2020,173,19087
HENRY,2019,164.5,19087
HENRY,2018,189.7,19087
HENRY,2017,196.4,19087
HENRY,2016,199,19087
HENRY,2015,178.4,19087
HENRY,2014,196.6,19087
HENRY,2013,160.4,19087
HENRY,2012,132,19087
HENRY,2011,123.2,19087
HENRY,2010,109,19087
HENRY,2009,155.9,19087
HENRY,2008,178,19087
HENRY,2007,181.5,19087
HENRY,2006,167.9,19087
HENRY,2005,153,19087
HENRY,2004,182.2,19087
HENRY,2003,160.7,19087
HENRY,2002,157.1,19087
HENRY,2001,142.9,19087
HENRY,2000,143.7,19087
HOWARD,2020,189.7,19089
HOWARD,2019,194.2,19089
HOWARD,2018,185.5,19089
HOWARD,2017,201.7,19089
HOWARD,2016,202.2,19089
HOWARD,2015,202.1,19089
HOWARD,2014,164.4,19089
HOWARD,2013,159.1,19089
HOWARD,2012,137.8,19089
HOWARD,2011,185.8,19089
HOWARD,2010,191.4,19089
HOWARD,2009,169.9,19089
HOWARD,2008,164,19089
HOWARD,2007,169.8,19089
HOWARD,2006,165.3,19089
HOWARD,2005,183.8,19089
HOWARD,2004,160.8,19089
HOWARD,2003,151.4,19089
HOWARD,2002,164.6,19089
HOWARD,2001,130.5,19089
HOWARD,2000,140.3,19089
HUMBOLDT,2020,189.5,19091
HUMBOLDT,2019,198.7,19091
HUMBOLDT,2018,162.3,19091
HUMBOLDT,2017,200.9,19091
HUMBOLDT,2016,206.1,19091
HUMBOLDT,2015,194.8,19091
HUMBOLDT,2014,176.9,19091
HUMBOLDT,2013,155.4,19091
HUMBOLDT,2012,146.1,19091
HUMBOLDT,2011,185.5,19091
HUMBOLDT,2010,153.2,19091
HUMBOLDT,2009,191,19091
HUMBOLDT,2008,172,19091
HUMBOLDT,2007,177.5,19091
HUMBOLDT,2006,181.3,19091
HUMBOLDT,2005,188.2,19091
HUMBOLDT,2004,190.2,19091
HUMBOLDT,2003,169.2,19091
HUMBOLDT,2002,172.6,19091
HUMBOLDT,2001,144.6,19091
HUMBOLDT,2000,158.8,19091
IDA,2020,189.3,19093
IDA,2018,222.2,19093
IDA,2017,215.7,19093
IDA,2016,216,19093
IDA,2015,203.1,19093
IDA,2014,189.9,19093
IDA,2013,177.7,19093
IDA,2012,151.4,19093
IDA,2011,182.9,19093
IDA,2010,191.8,19093
IDA,2009,206.6,19093
IDA,2008,196,19093
IDA,2007,169.4,19093
IDA,2006,125.5,19093
IDA,2005,177,19093
IDA,2004,185,19093
IDA,2003,165.9,19093
IDA,2002,166.2,19093
IDA,2001,146.2,19093
IDA,2000,109.5,19093
IOWA,2020,151.9,19095
IOWA,2019,190.6,19095
IOWA,2018,211.7,19095
IOWA,2017,216.7,19095
IOWA,2016,210.6,19095
IOWA,2015,199.3,19095
IOWA,2014,192.1,19095
IOWA,2013,165.9,19095
IOWA,2012,135.7,19095
IOWA,2011,171.6,19095
IOWA,2010,158.5,19095
IOWA,2009,180.2,19095
IOWA,2008,173,19095
IOWA,2007,178,19095
IOWA,2006,178.1,19095
IOWA,2005,147.3,19095
IOWA,2004,185.8,19095
IOWA,2003,168.9,19095
IOWA,2002,175.7,19095
IOWA,2001,154.2,19095
IOWA,2000,140.9,19095
JACKSON,2020,186.7,19097
JACKSON,2019,185.5,19097
JACKSON,2018,202.4,19097
JACKSON,2017,202.1,19097
JACKSON,2016,202.1,19097
JACKSON,2015,190.6,19097
JACKSON,2014,188.9,19097
JACKSON,2013,173.2,19097
JACKSON,2012,114.6,19097
JACKSON,2011,178.3,19097
JACKSON,2010,157.2,19097
JACKSON,2009,169.6,19097
JACKSON,2008,169,19097
JACKSON,2007,169.4,19097
JACKSON,2006,166.5,19097
JACKSON,2005,124.2,19097
JACKSON,2004,169.6,19097
JACKSON,2003,155.2,19097
JACKSON,2002,164.7,19097
JACKSON,2001,152,19097
JACKSON,2000,140.7,19097
JASPER,2019,209.3,19099
JASPER,2018,218.6,19099
JASPER,2017,204.6,19099
JASPER,2016,214.7,19099
JASPER,2015,198.9,19099
JASPER,2014,191.5,19099
JASPER,2013,158.8,19099
JASPER,2012,150.9,19099
JASPER,2011,171.1,19099
JASPER,2010,152.7,19099
JASPER,2009,181.4,19099
JASPER,2008,182,19099
JASPER,2007,180.9,19099
JASPER,2006,173.9,19099
JASPER,2005,188.5,19099
JASPER,2004,194.2,19099
JASPER,2003,171.5,19099
JASPER,2002,183.4,19099
JASPER,2001,154.8,19099
JASPER,2000,144.1,19099
JEFFERSON,2020,168.3,19101
JEFFERSON,2019,162.7,19101
JEFFERSON,2018,198.8,19101
JEFFERSON,2017,165.5,19101
JEFFERSON,2016,197,19101
JEFFERSON,2015,168.2,19101
JEFFERSON,2014,200.9,19101
JEFFERSON,2013,145.5,19101
JEFFERSON,2012,102.8,19101
JEFFERSON,2011,112.4,19101
JEFFERSON,2010,98.5,19101
JEFFERSON,2009,150,19101
JEFFERSON,2008,167,19101
JEFFERSON,2007,159.9,19101
JEFFERSON,2006,170.7,19101
JEFFERSON,2005,143.6,19101
JEFFERSON,2004,173.1,19101
JEFFERSON,2003,146.9,19101
JEFFERSON,2002,134.9,19101
JEFFERSON,2001,134.4,19101
JEFFERSON,2000,141.9,19101
JOHNSON,2020,162.2,19103
JOHNSON,2019,181.3,19103
JOHNSON,2018,212.3,19103
JOHNSON,2017,213.1,19103
JOHNSON,2016,189,19103
JOHNSON,2015,187.1,19103
JOHNSON,2014,184.6,19103
JOHNSON,2013,181.1,19103
JOHNSON,2012,132.4,19103
JOHNSON,2011,171.9,19103
JOHNSON,2010,150.9,19103
JOHNSON,2009,178.8,19103
JOHNSON,2008,161,19103
JOHNSON,2007,171.1,19103
JOHNSON,2006,171.8,19103
JOHNSON,2005,135.8,19103
JOHNSON,2004,173.8,19103
JOHNSON,2003,160.4,19103
JOHNSON,2002,177.1,19103
JOHNSON,2001,156.4,19103
JOHNSON,2000,141.5,19103
JONES,2020,172.6,19105
JONES,2019,203,19105
JONES,2018,208.9,19105
JONES,2017,217,19105
JONES,2016,201.3,19105
JONES,2015,186.6,19105
JONES,2014,180.1,19105
JONES,2013,179.3,19105
JONES,2012,127.3,19105
JONES,2011,171.4,19105
JONES,2010,168.9,19105
JONES,2009,190.1,19105
JONES,2008,167,19105
JONES,2007,181.2,19105
JONES,2006,175.5,19105
JONES,2005,148.3,19105
JONES,2004,168.3,19105
JONES,2003,164,19105
JONES,2002,173,19105
JONES,2001,168.5,19105
JONES,2000,141.3,19105
KEOKUK,2020,164.4,19107
KEOKUK,2019,175.5,19107
KEOKUK,2018,203.7,19107
KEOKUK,2017,176.4,19107
KEOKUK,2016,208.6,19107
KEOKUK,2015,181,19107
KEOKUK,2014,193.2,19107
KEOKUK,2013,156.7,19107
KEOKUK,2012,113,19107
KEOKUK,2011,152.4,19107
KEOKUK,2010,111.2,19107
KEOKUK,2009,167.7,19107
KEOKUK,2008,157,19107
KEOKUK,2007,174.5,19107
KEOKUK,2006,166.6,19107
KEOKUK,2005,135,19107
KEOKUK,2004,190.5,19107
KEOKUK,2003,155.2,19107
KEOKUK,2002,160.8,19107
KEOKUK,2001,142.1,19107
KEOKUK,2000,147.6,19107
KOSSUTH,2020,191.5,19109
KOSSUTH,2019,198.7,19109
KOSSUTH,2018,180.2,19109
KOSSUTH,2017,205.6,19109
KOSSUTH,2016,204.7,19109
KOSSUTH,2015,199,19109
KOSSUTH,2014,176.6,19109
KOSSUTH,2013,167.7,19109
KOSSUTH,2012,164.6,19109
KOSSUTH,2011,179.9,19109
KOSSUTH,2010,184,19109
KOSSUTH,2009,191.6,19109
KOSSUTH,2008,171,19109
KOSSUTH,2007,178.6,19109
KOSSUTH,2006,177.2,19109
KOSSUTH,2005,187.5,19109
KOSSUTH,2004,178.4,19109
KOSSUTH,2003,170.7,19109
KOSSUTH,2002,163.3,19109
KOSSUTH,2001,138.1,19109
KOSSUTH,2000,157.6,19109
LEE,2020,175.3,19111
LEE,2019,172.5,19111
LEE,2018,201.3,19111
LEE,2017,178,19111
LEE,2016,194.6,19111
LEE,2015,145.1,19111
LEE,2014,200.6,19111
LEE,2013,144.1,19111
LEE,2012,116,19111
LEE,2011,105.2,19111
LEE,2010,103.2,19111
LEE,2009,167.9,19111
LEE,2008,173,19111
LEE,2007,177.5,19111
LEE,2006,144.1,19111
LEE,2005,129.4,19111
LEE,2004,180,19111
LEE,2003,150.1,19111
LEE,2002,140.8,19111
LEE,2001,138.3,19111
LEE,2000,149,19111
LINN,2020,165.9,19113
LINN,2019,223.7,19113
LINN,2018,215.4,19113
LINN,2017,217.4,19113
LINN,2016,200.3,19113
LINN,2015,189.2,19113
LINN,2014,176.1,19113
LINN,2013,178.6,19113
LINN,2012,124.2,19113
LINN,2011,169.1,19113
LINN,2010,170.3,19113
LINN,2009,189.7,19113
LINN,2008,172,19113
LINN,2007,176.7,19113
LINN,2006,176.2,19113
LINN,2005,152,19113
LINN,2004,172.4,19113
LINN,2003,162.5,19113
LINN,2002,176.6,19113
LINN,2001,164.9,19113
LINN,2000,140.9,19113
LOUISA,2020,182.6,19115
LOUISA,2019,174.6,19115
LOUISA,2018,196.5,19115
LOUISA,2017,216.6,19115
LOUISA,2016,200.2,19115
LOUISA,2015,181.7,19115
LOUISA,2014,188.2,19115
LOUISA,2013,158.5,19115
LOUISA,2012,162.9,19115
LOUISA,2011,148.9,19115
LOUISA,2010,125.1,19115
LOUISA,2009,158.4,19115
LOUISA,2008,174,19115
LOUISA,2007,178,19115
LOUISA,2006,170.1,19115
LOUISA,2005,133.5,19115
LOUISA,2004,179.1,19115
LOUISA,2003,156.3,19115
LOUISA,2002,156.9,19115
LOUISA,2001,131.2,19115
LOUISA,2000,139,19115
LUCAS,2020,150.1,19117
LUCAS,2016,174.6,19117
LUCAS,2015,154.8,19117
LUCAS,2014,153.7,19117
LUCAS,2013,117.9,19117
LUCAS,2012,85.3,19117
LUCAS,2011,114.9,19117
LUCAS,2010,71.2,19117
LUCAS,2009,137.2,19117
LUCAS,2008,114,19117
LUCAS,2007,141.9,19117
LUCAS,2006,137.8,19117
LUCAS,2005,154.8,19117
LUCAS,2004,154.8,19117
LUCAS,2003,119.1,19117
LUCAS,2002,140.9,19117
LUCAS,2001,118.4,19117
LUCAS,2000,130.4,19117
LYON,2020,198.1,19119
LYON,2019,186.6,19119
LYON,2018,193,19119
LYON,2017,218.9,19119
LYON,2016,206.9,19119
LYON,2015,196,19119
LYON,2014,172.9,19119
LYON,2013,190.5,19119
LYON,2012,161.6,19119
LYON,2011,185.4,19119
LYON,2010,195.2,19119
LYON,2009,192.8,19119
LYON,2008,190,19119
LYON,2007,163.7,19119
LYON,2006,163.9,19119
LYON,2005,185.2,19119
LYON,2004,185.9,19119
LYON,2003,158.3,19119
LYON,2002,152.9,19119
LYON,2001,151.3,19119
LYON,2000,154.1,19119
MADISON,2020,172.9,19121
MADISON,2019,175.7,19121
MADISON,2018,167.8,19121
MADISON,2017,173.1,19121
MADISON,2016,185.5,19121
MADISON,2015,169.6,19121
MADISON,2014,171.4,19121
MADISON,2013,140.9,19121
MADISON,2012,101.4,19121
MADISON,2011,145.1,19121
MADISON,2010,124.6,19121
MADISON,2009,167.7,19121
MADISON,2008,165,19121
MADISON,2007,162.6,19121
MADISON,2006,158.4,19121
MADISON,2005,154.9,19121
MADISON,2004,175.6,19121
MADISON,2003,134.7,19121
MADISON,2002,150.4,19121
MADISON,2001,144.5,19121
MADISON,2000,133.1,19121
MAHASKA,2020,181.8,19123
MAHASKA,2019,189.9,19123
MAHASKA,2018,207.7,19123
MAHASKA,2017,177.2,19123
MAHASKA,2016,204.7,19123
MAHASKA,2015,190.3,19123
MAHASKA,2014,189.9,19123
MAHASKA,2013,168.6,19123
MAHASKA,2012,133,19123
MAHASKA,2011,165,19123
MAHASKA,2010,116.6,19123
MAHASKA,2009,182.4,19123
MAHASKA,2008,176,19123
MAHASKA,2007,179.9,19123
MAHASKA,2006,166,19123
MAHASKA,2005,160.5,19123
MAHASKA,2004,192.7,19123
MAHASKA,2003,162.2,19123
MAHASKA,2002,168.8,19123
MAHASKA,2001,142.8,19123
MAHASKA,2000,143.3,19123
MARION,2019,170.7,19125
MARION,2018,190.2,19125
MARION,2017,185.7,19125
MARION,2016,198,19125
MARION,2015,178.1,19125
MARION,2014,171.6,19125
MARION,2013,156.4,19125
MARION,2012,115.1,19125
MARION,2011,152.6,19125
MARION,2010,112.7,19125
MARION,2009,165.2,19125
MARION,2008,143,19125
MARION,2007,165.9,19125
MARION,2006,156.3,19125
MARION,2005,159.9,19125
MARION,2004,170.3,19125
MARION,2003,147.5,19125
MARION,2002,162.2,19125
MARION,2001,140.1,19125
MARION,2000,139.4,19125
MARSHALL,2019,221.9,19127
MARSHALL,2018,226,19127
MARSHALL,2017,222.4,19127
MARSHALL,2016,211.3,19127
MARSHALL,2015,194.9,19127
MARSHALL,2014,190.5,19127
MARSHALL,2013,163.2,19127
MARSHALL,2012,157.6,19127
MARSHALL,2011,166.3,19127
MARSHALL,2010,183.3,19127
MARSHALL,2009,178.5,19127
MARSHALL,2008,180,19127
MARSHALL,2007,185.9,19127
MARSHALL,2006,184.3,19127
MARSHALL,2005,191.9,19127
MARSHALL,2004,185.1,19127
MARSHALL,2003,179.6,19127
MARSHALL,2002,184,19127
MARSHALL,2001,152.9,19127
MARSHALL,2000,145.2,19127
MILLS,2020,183.2,19129
MILLS,2019,202.9,19129
MILLS,2017,190.1,19129
MILLS,2016,188.4,19129
MILLS,2014,184.9,19129
MILLS,2013,171,19129
MILLS,2012,128.8,19129
MILLS,2011,155,19129
MILLS,2010,160.2,19129
MILLS,2009,191.2,19129
MILLS,2008,156,19129
MILLS,2007,147.4,19129
MILLS,2006,159.5,19129
MILLS,2005,163.7,19129
MILLS,2004,184.8,19129
MILLS,2003,131.6,19129
MILLS,2002,110.3,19129
MILLS,2001,132.5,19129
MILLS,2000,135.2,19129
MITCHELL,2020,204.5,19131
MITCHELL,2019,194.5,19131
MITCHELL,2018,193.3,19131
MITCHELL,2017,213.4,19131
MITCHELL,2016,199.1,19131
MITCHELL,2015,202.1,19131
MITCHELL,2014,175.1,19131
MITCHELL,2013,164.1,19131
MITCHELL,2012,131.4,19131
MITCHELL,2011,180.1,19131
MITCHELL,2010,190.5,19131
MITCHELL,2009,177.2,19131
MITCHELL,2008,174,19131
MITCHELL,2007,174.2,19131
MITCHELL,2006,170.5,19131
MITCHELL,2005,186.6,19131
MITCHELL,2004,175.3,19131
MITCHELL,2003,156.3,19131
MITCHELL,2002,177.5,19131
MITCHELL,2001,145.5,19131
MITCHELL,2000,146.7,19131
MONONA,2020,179.4,19133
MONONA,2019,203.9,19133
MONONA,2018,181.4,19133
MONONA,2017,196,19133
MONONA,2016,184.5,19133
MONONA,2015,169,19133
MONONA,2014,156.6,19133
MONONA,2013,175.2,19133
MONONA,2012,115.1,19133
MONONA,2011,158.3,19133
MONONA,2010,168.7,19133
MONONA,2009,199.8,19133
MONONA,2008,171,19133
MONONA,2007,149.3,19133
MONONA,2006,109.3,19133
MONONA,2005,157.1,19133
MONONA,2004,169.8,19133
MONONA,2003,141.9,19133
MONONA,2002,138,19133
MONONA,2001,127.8,19133
MONONA,2000,138.3,19133
MONROE,2020,156,19135
MONROE,2019,162.3,19135
MONROE,2018,167,19135
MONROE,2017,169.9,19135
MONROE,2016,180,19135
MONROE,2014,175.7,19135
MONROE,2013,115.3,19135
MONROE,2012,67.3,19135
MONROE,2011,112.5,19135
MONROE,2010,77.4,19135
MONROE,2009,156.3,19135
MONROE,2008,136,19135
MONROE,2007,161.3,19135
MONROE,2006,137,19135
MONROE,2005,154.3,19135
MONROE,2004,171.3,19135
MONROE,2003,129.6,19135
MONROE,2002,158,19135
MONROE,2001,115.9,19135
MONROE,2000,135.8,19135
MONTGOMERY,2020,185.6,19137
MONTGOMERY,2019,204.8,19137
MONTGOMERY,2018,191.5,19137
MONTGOMERY,2017,199.1,19137
MONTGOMERY,2016,185.5,19137
MONTGOMERY,2015,185.2,19137
MONTGOMERY,2014,163.1,19137
MONTGOMERY,2013,154,19137
MONTGOMERY,2012,132,19137
MONTGOMERY,2011,153.2,19137
MONTGOMERY,2010,157,19137
MONTGOMERY,2009,191.2,19137
MONTGOMERY,2008,160,19137
MONTGOMERY,2007,145.1,19137
MONTGOMERY,2006,163.9,19137
MONTGOMERY,2005,158.1,19137
MONTGOMERY,2004,183.3,19137
MONTGOMERY,2003,129.5,19137
MONTGOMERY,2002,141.1,19137
MONTGOMERY,2001,132.9,19137
MONTGOMERY,2000,141.6,19137
MUSCATINE,2020,173.8,19139
MUSCATINE,2019,173.2,19139
MUSCATINE,2018,209.6,19139
MUSCATINE,2017,206.8,19139
MUSCATINE,2016,203,19139
MUSCATINE,2015,177.7,19139
MUSCATINE,2014,188.1,19139
MUSCATINE,2013,158.3,19139
MUSCATINE,2012,152.6,19139
MUSCATINE,2011,164.6,19139
MUSCATINE,2010,144.8,19139
MUSCATINE,2009,166.6,19139
MUSCATINE,2008,166,19139
MUSCATINE,2007,180.6,19139
MUSCATINE,2006,166.4,19139
MUSCATINE,2005,135.3,19139
MUSCATINE,2004,180,19139
MUSCATINE,2003,168,19139
MUSCATINE,2002,170.9,19139
MUSCATINE,2001,150.3,19139
MUSCATINE,2000,145.7,19139
O BRIEN,2020,200.6,19141
O BRIEN,2019,204.9,19141
O BRIEN,2018,201.6,19141
O BRIEN,2017,213.8,19141
O BRIEN,2016,210.7,19141
O BRIEN,2015,205.2,19141
O BRIEN,2014,180.3,19141
O BRIEN,2013,195.3,19141
O BRIEN,2012,159.8,19141
O BRIEN,2011,185.1,19141
O BRIEN,2010,190.7,19141
O BRIEN,2009,198,19141
O BRIEN,2008,195,19141
O BRIEN,2007,167.7,19141
O BRIEN,2006,166,19141
O BRIEN,2005,185,19141
O BRIEN,2004,182.3,19141
O BRIEN,2003,169,19141
O BRIEN,2002,151.7,19141
O BRIEN,2001,151.6,19141
O BRIEN,2000,151.4,19141
OSCEOLA,2020,186.3,19143
OSCEOLA,2019,182.5,19143
OSCEOLA,2018,180.2,19143
OSCEOLA,2017,211.6,19143
OSCEOLA,2016,203.7,19143
OSCEOLA,2015,204.7,19143
OSCEOLA,2014,175.4,19143
OSCEOLA,2013,182,19143
OSCEOLA,2012,169.6,19143
OSCEOLA,2011,184.4,19143
OSCEOLA,2010,192.7,19143
OSCEOLA,2009,193.6,19143
OSCEOLA,2008,175,19143
OSCEOLA,2007,171.4,19143
OSCEOLA,2006,165.4,19143
OSCEOLA,2005,185.8,19143
OSCEOLA,2004,187.3,19143
OSCEOLA,2003,155.8,19143
OSCEOLA,2002,148.6,19143
OSCEOLA,2001,127.2,19143
OSCEOLA,2000,154.1,19143
PAGE,2020,182.6,19145
PAGE,2019,191.4,19145
PAGE,2018,188.1,19145
PAGE,2017,193.1,19145
PAGE,2016,185.8,19145
PAGE,2015,165.8,19145
PAGE,2014,182.4,19145
PAGE,2013,154.5,19145
PAGE,2012,116.2,19145
PAGE,2011,136.2,19145
PAGE,2010,150.1,19145
PAGE,2009,176.8,19145
PAGE,2008,133,19145
PAGE,2007,139.5,19145
PAGE,2006,152.5,19145
PAGE,2005,164.7,19145
PAGE,2004,179.9,19145
PAGE,2003,126.3,19145
PAGE,2002,100,19145
PAGE,2001,133.3,19145
PAGE,2000,136.3,19145
PALO ALTO,2020,182.1,19147
PALO ALTO,2019,198.3,19147
PALO ALTO,2018,157.9,19147
PALO ALTO,2017,195.4,19147
PALO ALTO,2016,196,19147
PALO ALTO,2015,197.5,19147
PALO ALTO,2014,164.6,19147
PALO ALTO,2013,168.8,19147
PALO ALTO,2012,170.6,19147
PALO ALTO,2011,174.6,19147
PALO ALTO,2010,174,19147
PALO ALTO,2009,188.1,19147
PALO ALTO,2008,176,19147
PALO ALTO,2007,170.8,19147
PALO ALTO,2006,163,19147
PALO ALTO,2005,186.5,19147
PALO ALTO,2004,182.9,19147
PALO ALTO,2003,165.6,19147
PALO ALTO,2002,158.5,19147
PALO ALTO,2001,145.3,19147
PALO ALTO,2000,154.2,19147
PLYMOUTH,2019,217.8,19149
PLYMOUTH,2018,213.8,19149
PLYMOUTH,2017,193,19149
PLYMOUTH,2016,209.2,19149
PLYMOUTH,2015,203.6,19149
PLYMOUTH,2014,187.3,19149
PLYMOUTH,2013,188.9,19149
PLYMOUTH,2012,110.1,19149
PLYMOUTH,2011,164.5,19149
PLYMOUTH,2010,184.7,19149
PLYMOUTH,2009,201.1,19149
PLYMOUTH,2008,191,19149
PLYMOUTH,2007,150.8,19149
PLYMOUTH,2006,137.1,19149
PLYMOUTH,2005,171.8,19149
PLYMOUTH,2004,185.6,19149
PLYMOUTH,2003,158.7,19149
PLYMOUTH,2002,163.5,19149
PLYMOUTH,2001,138.8,19149
PLYMOUTH,2000,119.9,19149
POCAHONTAS,2020,187.3,19151
POCAHONTAS,2018,179.2,19151
POCAHONTAS,2017,190.9,19151
POCAHONTAS,2016,206.8,19151
POCAHONTAS,2015,205.5,19151
POCAHONTAS,2014,174.8,19151
POCAHONTAS,2013,163.8,19151
POCAHONTAS,2012,165.3,19151
POCAHONTAS,2011,181.2,19151
POCAHONTAS,2010,172.6,19151
POCAHONTAS,2009,190.1,19151
POCAHONTAS,2008,178,19151
POCAHONTAS,2007,167.1,19151
POCAHONTAS,2006,166.5,19151
POCAHONTAS,2005,183.3,19151
POCAHONTAS,2004,195.5,19151
POCAHONTAS,2003,168.1,19151
POCAHONTAS,2002,167.6,19151
POCAHONTAS,2001,135.3,19151
POCAHONTAS,2000,155.6,19151
POLK,2020,151,19153
POLK,2019,196.7,19153
POLK,2018,186.2,19153
POLK,2017,200.3,19153
POLK,2016,199.8,19153
POLK,2015,187,19153
POLK,2014,181.4,19153
POLK,2013,143.6,19153
POLK,2012,149.1,19153
POLK,2011,160.6,19153
POLK,2010,139.4,19153
POLK,2009,178.6,19153
POLK,2008,154,19153
POLK,2007,177.8,19153
POLK,2006,171.9,19153
POLK,2005,174.7,19153
POLK,2004,183.4,19153
POLK,2003,165.3,19153
POLK,2002,175.7,19153
POLK,2001,148.7,19153
POLK,2000,154.8,19153
POTTAWATTAMIE,2020,177.3,19155
POTTAWATTAMIE,2019,208,19155
POTTAWATTAMIE,2017,195.8,19155
POTTAWATTAMIE,2016,210.4,19155
POTTAWATTAMIE,2015,204,19155
POTTAWATTAMIE,2014,169.1,19155
POTTAWATTAMIE,2013,179.4,19155
POTTAWATTAMIE,2012,131.9,19155
POTTAWATTAMIE,2011,170.9,19155
POTTAWATTAMIE,2010,164.8,19155
POTTAWATTAMIE,2009,192.4,19155
POTTAWATTAMIE,2008,178,19155
POTTAWATTAMIE,2007,162.4,19155
POTTAWATTAMIE,2006,171.6,19155
POTTAWATTAMIE,2005,171.1,19155
POTTAWATTAMIE,2004,189.7,19155
POTTAWATTAMIE,2003,127,19155
POTTAWATTAMIE,2002,140,19155
POTTAWATTAMIE,2001,138,19155
POTTAWATTAMIE,2000,139.1,19155
POWESHIEK,2020,139,19157
POWESHIEK,2019,200.3,19157
POWESHIEK,2018,218.7,19157
POWESHIEK,2017,215.1,19157
POWESHIEK,2016,213.2,19157
POWESHIEK,2015,197.8,19157
POWESHIEK,2014,188.4,19157
POWESHIEK,2013,158.5,19157
POWESHIEK,2012,152.3,19157
POWESHIEK,2011,179,19157
POWESHIEK,2010,153.2,19157
POWESHIEK,2009,184.5,19157
POWESHIEK,2008,170,19157
POWESHIEK,2007,182.6,19157
POWESHIEK,2006,182.3,19157
POWESHIEK,2005,176.4,19157
POWESHIEK,2004,186.2,19157
POWESHIEK,2003,172.9,19157
POWESHIEK,2002,176.5,19157
POWESHIEK,2001,150.2,19157
POWESHIEK,2000,148.9,19157
RINGGOLD,2020,160,19159
RINGGOLD,2018,153.3,19159
RINGGOLD,2017,167.8,19159
RINGGOLD,2016,179.5,19159
RINGGOLD,2015,147.8,19159
RINGGOLD,2014,166.4,19159
RINGGOLD,2013,121.1,19159
RINGGOLD,2012,71.6,19159
RINGGOLD,2011,118.7,19159
RINGGOLD,2010,94.1,19159
RINGGOLD,2009,134.4,19159
RINGGOLD,2008,115,19159
RINGGOLD,2007,140.5,19159
RINGGOLD,2006,142.3,19159
RINGGOLD,2005,153.8,19159
RINGGOLD,2004,153,19159
RINGGOLD,2003,104.8,19159
RINGGOLD,2002,128.6,19159
RINGGOLD,2001,108.3,19159
RINGGOLD,2000,144,19159
SAC,2020,161.9,19161
SAC,2019,220.6,19161
SAC,2018,213.5,19161
SAC,2017,194.5,19161
SAC,2016,214.3,19161
SAC,2015,204.8,19161
SAC,2014,179.8,19161
SAC,2013,142.6,19161
SAC,2012,130.7,19161
SAC,2011,183.4,19161
SAC,2010,189.7,19161
SAC,2009,184.5,19161
SAC,2008,184,19161
SAC,2007,173.9,19161
SAC,2006,134,19161
SAC,2005,185.8,19161
SAC,2004,184.3,19161
SAC,2003,155.5,19161
SAC,2002,166.2,19161
SAC,2001,152.7,19161
SAC,2000,128.2,19161
SCOTT,2020,182.3,19163
SCOTT,2019,189.3,19163
SCOTT,2018,214,19163
SCOTT,2017,220,19163
SCOTT,2016,216,19163
SCOTT,2015,195.9,19163
SCOTT,2014,194.5,19163
SCOTT,2013,167.8,19163
SCOTT,2012,131.7,19163
SCOTT,2011,174.2,19163
SCOTT,2010,151.9,19163
SCOTT,2009,184.1,19163
SCOTT,2008,184,19163
SCOTT,2007,182.2,19163
SCOTT,2006,170.5,19163
SCOTT,2005,148.9,19163
SCOTT,2004,191.9,19163
SCOTT,2003,180.9,19163
SCOTT,2002,195.3,19163
SCOTT,2001,173.6,19163
SCOTT,2000,152.7,19163
SHELBY,2020,191.6,19165
SHELBY,2019,217.3,19165
SHELBY,2018,189.1,19165
SHELBY,2017,207.1,19165
SHELBY,2016,215.3,19165
SHELBY,2015,195.3,19165
SHELBY,2014,185.2,19165
SHELBY,2013,182.6,19165
SHELBY,2012,137.8,19165
SHELBY,2011,173.6,19165
SHELBY,2010,171.6,19165
SHELBY,2009,202.9,19165
SHELBY,2008,190,19165
SHELBY,2007,167.3,19165
SHELBY,2006,171.2,19165
SHELBY,2005,171.7,19165
SHELBY,2004,177.1,19165
SHELBY,2003,134.4,19165
SHELBY,2002,147.1,19165
SHELBY,2001,139.8,19165
SHELBY,2000,126.6,19165
SIOUX,2020,203,19167
SIOUX,2019,192.2,19167
SIOUX,2018,211.9,19167
SIOUX,2017,220.7,19167
SIOUX,2016,212.2,19167
SIOUX,2015,201.9,19167
SIOUX,2014,187.4,19167
SIOUX,2013,194.1,19167
SIOUX,2012,143.2,19167
SIOUX,2011,177.6,19167
SIOUX,2010,196.5,19167
SIOUX,2009,201.7,19167
SIOUX,2008,195,19167
SIOUX,2007,156.9,19167
SIOUX,2006,162.9,19167
SIOUX,2005,185.3,19167
SIOUX,2004,187.6,19167
SIOUX,2003,169.7,19167
SIOUX,2002,165.7,19167
SIOUX,2001,160.2,19167
SIOUX,2000,150,19167
STORY,2020,149.2,19169
STORY,2019,189.3,19169
STORY,2018,192.3,19169
STORY,2017,200.3,19169
STORY,2016,211.9,19169
STORY,2015,188,19169
STORY,2014,169.9,19169
STORY,2013,137.2,19169
STORY,2012,157.6,19169
STORY,2011,163.2,19169
STORY,2010,163.9,19169
STORY,2009,174.7,19169
STORY,2008,160,19169
STORY,2007,180.7,19169
STORY,2006,184.1,19169
STORY,2005,187.6,19169
STORY,2004,188.1,19169
STORY,2003,164.5,19169
STORY,2002,177.1,19169
STORY,2001,150.4,19169
STORY,2000,157.4,19169
TAMA,2020,133.5,19171
TAMA,2019,204.8,19171
TAMA,2018,224.3,19171
TAMA,2017,220.6,19171
TAMA,2016,208.4,19171
TAMA,2015,189.5,19171
TAMA,2014,182.7,19171
TAMA,2013,158.7,19171
TAMA,2012,160.2,19171
TAMA,2011,162,19171
TAMA,2010,176.7,19171
TAMA,2009,182.3,19171
TAMA,2008,179,19171
TAMA,2007,174.8,19171
TAMA,2006,172.7,19171
TAMA,2005,181.4,19171
TAMA,2004,186.5,19171
TAMA,2003,156.2,19171
TAMA,2002,186.8,19171
TAMA,2001,156.8,19171
TAMA,2000,144.9,19171
TAYLOR,2020,167.2,19173
TAYLOR,2019,161.7,19173
TAYLOR,2018,154.4,19173
TAYLOR,2017,175,19173
TAYLOR,2016,159.9,19173
TAYLOR,2014,178.8,19173
TAYLOR,2013,136.2,19173
TAYLOR,2012,91.7,19173
TAYLOR,2011,140.5,19173
TAYLOR,2010,122.2,19173
TAYLOR,2009,150.2,19173
TAYLOR,2008,135,19173
TAYLOR,2007,137.6,19173
TAYLOR,2006,142.4,19173
TAYLOR,2005,156.8,19173
TAYLOR,2004,157.9,19173
TAYLOR,2003,116.4,19173
TAYLOR,2002,126.6,19173
TAYLOR,2001,114.9,19173
TAYLOR,2000,140.7,19173
UNION,2020,180.7,19175
UNION,2019,168.9,19175
UNION,2018,155.8,19175
UNION,2017,147.9,19175
UNION,2016,183,19175
UNION,2014,176.1,19175
UNION,2013,137,19175
UNION,2012,87.3,19175
UNION,2011,132.6,19175
UNION,2010,113.2,19175
UNION,2009,153.8,19175
UNION,2008,148,19175
UNION,2007,154.1,19175
UNION,2006,153.6,19175
UNION,2005,157.2,19175
UNION,2004,160.4,19175
UNION,2003,106.7,19175
UNION,2002,142.2,19175
UNION,2001,127.3,19175
UNION,2000,136.5,19175
VAN BUREN,2020,154.4,19177
VAN BUREN,2019,171,19177
VAN BUREN,2018,180.9,19177
VAN BUREN,2017,128.2,19177
VAN BUREN,2016,189,19177
VAN BUREN,2015,158.3,19177
VAN BUREN,2014,192.2,19177
VAN BUREN,2013,144.1,19177
VAN BUREN,2012,110.3,19177
VAN BUREN,2011,100.9,19177
VAN BUREN,2010,90.8,19177
VAN BUREN,2009,148.6,19177
VAN BUREN,2008,146,19177
VAN BUREN,2007,165.8,19177
VAN BUREN,2006,157.8,19177
VAN BUREN,2005,124,19177
VAN BUREN,2004,175.4,19177
VAN BUREN,2003,141.9,19177
VAN BUREN,2002,125.6,19177
VAN BUREN,2001,122.2,19177
VAN BUREN,2000,146.4,19177
WAPELLO,2020,171.6,19179
WAPELLO,2019,176.5,19179
WAPELLO,2017,153,19179
WAPELLO,2016,196.9,19179
WAPELLO,2015,159.3,19179
WAPELLO,2014,195.2,19179
WAPELLO,2013,150.4,19179
WAPELLO,2012,92.6,19179
WAPELLO,2011,127.3,19179
WAPELLO,2010,100.2,19179
WAPELLO,2009,156.6,19179
WAPELLO,2008,138,19179
WAPELLO,2007,167.1,19179
WAPELLO,2006,164.9,19179
WAPELLO,2005,136.1,19179
WAPELLO,2004,183.3,19179
WAPELLO,2003,128.2,19179
WAPELLO,2002,135.5,19179
WAPELLO,2001,141,19179
WAPELLO,2000,138.3,19179
WARREN,2020,169,19181
WARREN,2018,163.6,19181
WARREN,2017,183.2,19181
WARREN,2016,184.6,19181
WARREN,2015,170.3,19181
WARREN,2014,169.9,19181
WARREN,2013,146.7,19181
WARREN,2012,103.5,19181
WARREN,2011,129.1,19181
WARREN,2010,102.4,19181
WARREN,2009,160.2,19181
WARREN,2008,135,19181
WARREN,2007,157.4,19181
WARREN,2006,164.9,19181
WARREN,2005,157.1,19181
WARREN,2004,167.6,19181
WARREN,2003,135.8,19181
WARREN,2002,151.1,19181
WARREN,2001,143.9,19181
WARREN,2000,140.1,19181
WASHINGTON,2020,186.5,19183
WASHINGTON,2019,178.9,19183
WASHINGTON,2018,214.3,19183
WASHINGTON,2017,220.4,19183
WASHINGTON,2016,208.2,19183
WASHINGTON,2015,195,19183
WASHINGTON,2014,191.3,19183
WASHINGTON,2013,159,19183
WASHINGTON,2012,132.1,19183
WASHINGTON,2011,156.3,19183
WASHINGTON,2010,132.5,19183
WASHINGTON,2009,171.1,19183
WASHINGTON,2008,180,19183
WASHINGTON,2007,174.1,19183
WASHINGTON,2006,184.4,19183
WASHINGTON,2005,153,19183
WASHINGTON,2004,181.9,19183
WASHINGTON,2003,161.5,19183
WASHINGTON,2002,167.4,19183
WASHINGTON,2001,148.1,19183
WASHINGTON,2000,144.1,19183
WAYNE,2020,169.7,19185
WAYNE,2019,151.5,19185
WAYNE,2018,171.6,19185
WAYNE,2016,174.5,19185
WAYNE,2015,158,19185
WAYNE,2014,171.9,19185
WAYNE,2013,125.1,19185
WAYNE,2012,55.7,19185
WAYNE,2011,126,19185
WAYNE,2010,73.1,19185
WAYNE,2009,142.7,19185
WAYNE,2008,103,19185
WAYNE,2007,150.2,19185
WAYNE,2006,145,19185
WAYNE,2005,157,19185
WAYNE,2004,156.8,19185
WAYNE,2003,130.4,19185
WAYNE,2002,140.9,19185
WAYNE,2001,114.1,19185
WAYNE,2000,136.8,19185
WEBSTER,2020,174,19187
WEBSTER,2019,202.9,19187
WEBSTER,2018,188.1,19187
WEBSTER,2017,197.9,19187
WEBSTER,2016,200.8,19187
WEBSTER,2015,201,19187
WEBSTER,2014,190,19187
WEBSTER,2013,137.6,19187
WEBSTER,2012,149.2,19187
WEBSTER,2011,190.6,19187
WEBSTER,2010,168.4,19187
WEBSTER,2009,177.3,19187
WEBSTER,2008,167,19187
WEBSTER,2007,182.6,19187
WEBSTER,2006,173.3,19187
WEBSTER,2005,190.1,19187
WEBSTER,2004,192.3,19187
WEBSTER,2003,174.5,19187
WEBSTER,2002,181.6,19187
WEBSTER,2001,154.3,19187
WEBSTER,2000,159.8,19187
WINNEBAGO,2020,208.3,19189
WINNEBAGO,2019,198.8,19189
WINNEBAGO,2018,180.8,19189
WINNEBAGO,2017,210.7,19189
WINNEBAGO,2016,197.9,19189
WINNEBAGO,2015,203.6,19189
WINNEBAGO,2014,172.7,19189
WINNEBAGO,2013,149.1,19189
WINNEBAGO,2012,161.1,19189
WINNEBAGO,2011,176.6,19189
WINNEBAGO,2010,184.1,19189
WINNEBAGO,2009,180.4,19189
WINNEBAGO,2008,177,19189
WINNEBAGO,2007,186.1,19189
WINNEBAGO,2006,173.9,19189
WINNEBAGO,2005,189.6,19189
WINNEBAGO,2004,178.8,19189
WINNEBAGO,2003,162.1,19189
WINNEBAGO,2002,164.7,19189
WINNEBAGO,2001,132,19189
WINNEBAGO,2000,150.7,19189
WINNESHIEK,2020,179.2,19191
WINNESHIEK,2019,200.4,19191
WINNESHIEK,2018,198.1,19191
WINNESHIEK,2017,199.7,19191
WINNESHIEK,2016,210.7,19191
WINNESHIEK,2015,185.6,19191
WINNESHIEK,2014,174,19191
WINNESHIEK,2013,181.8,19191
WINNESHIEK,2012,140.6,19191
WINNESHIEK,2011,186.2,19191
WINNESHIEK,2010,190.5,19191
WINNESHIEK,2009,171.3,19191
WINNESHIEK,2008,171,19191
WINNESHIEK,2007,174,19191
WINNESHIEK,2006,171.9,19191
WINNESHIEK,2005,186.4,19191
WINNESHIEK,2004,169.9,19191
WINNESHIEK,2003,146.7,19191
WINNESHIEK,2002,166.9,19191
WINNESHIEK,2001,132.1,19191
WINNESHIEK,2000,147.9,19191
WOODBURY,2020,192.1,19193
WOODBURY,2019,218.2,19193
WOODBURY,2018,219.3,19193
WOODBURY,2017,200.5,19193
WOODBURY,2016,203.7,19193
WOODBURY,2015,202.3,19193
WOODBURY,2014,177.5,19193
WOODBURY,2013,164.2,19193
WOODBURY,2012,134.8,19193
WOODBURY,2011,173.3,19193
WOODBURY,2010,164.3,19193
WOODBURY,2009,186.3,19193
WOODBURY,2008,185,19193
WOODBURY,2007,153.6,19193
WOODBURY,2006,129.4,19193
WOODBURY,2005,172.2,19193
WOODBURY,2004,166.1,19193
WOODBURY,2003,153.4,19193
WOODBURY,2002,149.4,19193
WOODBURY,2001,132.9,19193
WOODBURY,2000,116.7,19193
WORTH,2020,206.9,19195
WORTH,2019,196.5,19195
WORTH,2018,180,19195
WORTH,2017,198.5,19195
WORTH,2016,191.5,19195
WORTH,2015,202.1,19195
WORTH,2014,181.5,19195
WORTH,2013,150.7,19195
WORTH,2012,143.1,19195
WORTH,2011,173,19195
WORTH,2010,193.2,19195
WORTH,2009,180.9,19195
WORTH,2008,171,19195
WORTH,2007,174.8,19195
WORTH,2006,172.5,19195
WORTH,2005,187.9,19195
WORTH,2004,170.2,19195
WORTH,2003,157.4,19195
WORTH,2002,167.1,19195
WORTH,2001,132.8,19195
WORTH,2000,145.9,19195
WRIGHT,2020,187.1,19197
WRIGHT,2019,197,19197
WRIGHT,2018,180.5,19197
WRIGHT,2017,206.9,19197
WRIGHT,2016,200.2,19197
WRIGHT,2015,198.4,19197
WRIGHT,2014,169.4,19197
WRIGHT,2013,168.8,19197
WRIGHT,2012,153.7,19197
WRIGHT,2011,189.9,19197
WRIGHT,2010,150,19197
WRIGHT,2009,179,19197
WRIGHT,2008,164,19197
WRIGHT,2007,182.4,19197
WRIGHT,2006,181.5,19197
WRIGHT,2005,183,19197
WRIGHT,2004,186.5,19197
WRIGHT,2003,165.6,19197
WRIGHT,2002,172.5,19197
WRIGHT,2001,145.8,19197
WRIGHT,2000,155.2,19197
